id,name,model_id:id,group_id:id,perm_read,perm_write,perm_create,perm_unlink
access_babana_token_admin,babana.token admin,model_babana_token,group_babana_admin,1,1,1,1
access_babana_driver_manager,babana.driver manager,model_babana_driver,group_babana_manager,1,1,1,0
access_babana_driver_admin,babana.driver admin,model_babana_driver,group_babana_admin,1,1,1,1
access_babana_ride_supervisor,babana.ride supervisor,model_babana_ride,group_babana_supervisor,1,0,0,0
access_babana_ride_manager,babana.ride manager,model_babana_ride,group_babana_manager,1,1,1,0
access_babana_ride_admin,babana.ride admin,model_babana_ride,group_babana_admin,1,1,1,1
access_babana_ride_rejection_supervisor,babana.ride.rejection supervisor,model_babana_ride_rejection,group_babana_supervisor,1,0,0,0
access_babana_ride_rejection_manager,babana.ride.rejection manager,model_babana_ride_rejection,group_babana_manager,1,1,1,0
access_babana_ride_rejection_admin,babana.ride.rejection admin,model_babana_ride_rejection,group_babana_admin,1,1,1,1
access_babana_motorcycle_manager,babana.motorcycle manager,model_babana_motorcycle,group_babana_manager,1,1,1,0
access_babana_motorcycle_admin,babana.motorcycle admin,model_babana_motorcycle,group_babana_admin,1,1,1,1
access_babana_assignment_manager,babana.assignment manager,model_babana_assignment,group_babana_manager,1,1,1,0
access_babana_assignment_admin,babana.assignment admin,model_babana_assignment,group_babana_admin,1,1,1,0
